Search Query,best ai tools
Requested Results,2000

Result #,Title,Video URL,Thumbnail URL,Thumbnail File
1,7 Best AI Tools You NEED to Try (Free & Powerful!) 💡,/watch?v=TZe5UqlUg0c&pp=ygUNYmVzdCBhaSB0b29scw%3D%3D,https://i.ytimg.com/vi/TZe5UqlUg0c/hq720.jpg?sqp=-oaymwEnCNAFEJQDSFryq4qpAxkIARUAAIhCGAHYAQHiAQoIGBACGAY4AUAB&rs=AOn4CLD4peIPRQxQFNVOoI0VozzrsA85Iw,data/thumbnails/001_7_best_ai_tools_you_need_to_try_free_powerful_903e64ab.jpg
2,Which AI Platform Should You Use in 2026?,/watch?v=JAMdB9Z8S48&pp=ygUNYmVzdCBhaSB0b29scw%3D%3D,https://i.ytimg.com/vi/JAMdB9Z8S48/hq720_custom_3.jpg?sqp=CLDX0NAG-oaymwEnCNAFEJQDSFryq4qpAxkIARUAAIhCGAHYAQHiAQoIGBACGAY4AUAB&rs=AOn4CLD5fJFTK-3Ob0GeUI_swPa1KkQ_vg,data/thumbnails/002_which_ai_platform_should_you_use_in_2026_bbdb6646.jpg
3,"I Tested 500+ AI Tools, These Will Make You Rich",/watch?v=np6CwvTYTAM&pp=ygUNYmVzdCBhaSB0b29scw%3D%3D,https://i.ytimg.com/vi/np6CwvTYTAM/hq720.jpg?sqp=-oaymwEnCNAFEJQDSFryq4qpAxkIARUAAIhCGAHYAQHiAQoIGBACGAY4AUAB&rs=AOn4CLCqYPTw-rbac_Wy2ZrwSrNDpNaBIA,data/thumbnails/003_i_tested_500_ai_tools_these_will_make_you_rich_2176fc76.jpg
4,The 14 Best AI Tools in 2026 (Backed by Data),/watch?v=w5YvRT3dOEE&pp=ygUNYmVzdCBhaSB0b29scw%3D%3D,,
5,"I Tried 100+ AI Tools, These 7 Will Make You RICH!🔥",/watch?v=DflFq21CRqc&pp=ygUNYmVzdCBhaSB0b29scw%3D%3D,,
6,"I Tried 1000+ AI Tools, These 10 Will Make You Rich",/watch?v=u7R6cZjuzHk&pp=ygUNYmVzdCBhaSB0b29scw%3D%3D,https://i.ytimg.com/vi/u7R6cZjuzHk/hq720.jpg?sqp=-oaymwEnCNAFEJQDSFryq4qpAxkIARUAAIhCGAHYAQHiAQoIGBACGAY4AUAB&rs=AOn4CLCYTvgoEH-6rKfKWUzF_gJejJycOQ,data/thumbnails/006_i_tried_1000_ai_tools_these_10_will_make_you_rich_6b4f30d1.jpg
7,The Only AI Tools You Need (12-Minute Guide),/watch?v=htZRCE2GgIs&pp=ygUNYmVzdCBhaSB0b29scw%3D%3D,https://i.ytimg.com/vi/htZRCE2GgIs/hq720.jpg?sqp=-oaymwEnCNAFEJQDSFryq4qpAxkIARUAAIhCGAHYAQHiAQoIGBACGAY4AUAB&rs=AOn4CLCa_OTG2XN9jC-T_VOpHwT51L3MJA,data/thumbnails/007_the_only_ai_tools_you_need_12_minute_guide_67a11b3c.jpg
8,I Ranked the Best AI Tools to Make Money in 2026,/watch?v=xXxrvra9DQg&pp=ygUNYmVzdCBhaSB0b29scw%3D%3D,https://i.ytimg.com/vi/xXxrvra9DQg/hq720.jpg?sqp=-oaymwEnCNAFEJQDSFryq4qpAxkIARUAAIhCGAHYAQHiAQoIGBACGAY4AUAB&rs=AOn4CLAKrf5HBoNcf_V0M5IQZzpwgdWIQA,data/thumbnails/008_i_ranked_the_best_ai_tools_to_make_money_in_2026_f0cb6488.jpg
9,Google's NEW AI Tools Will BLOW YOUR MIND | Google I/O 2026,/watch?v=3v5KAS1uuwE&pp=ygUNYmVzdCBhaSB0b29scw%3D%3D,https://i.ytimg.com/vi/3v5KAS1uuwE/hq720.jpg?sqp=-oaymwEnCNAFEJQDSFryq4qpAxkIARUAAIhCGAHYAQHiAQoIGBACGAY4AUAB&rs=AOn4CLB2I7--BWrcIjLR-EP-eVzQohBjcw,data/thumbnails/009_google_s_new_ai_tools_will_blow_your_mind_google_i_o_2026_f8bbd5b8.jpg
10,10 Best AI Tools You MUST Try in 2025 🔥 (Free & Powerful!),/watch?v=PX_xM2PKmnk&pp=ygUNYmVzdCBhaSB0b29sc9IHCQkECwGHKiGM7w%3D%3D,https://i.ytimg.com/vi/PX_xM2PKmnk/hq720.jpg?sqp=-oaymwEnCNAFEJQDSFryq4qpAxkIARUAAIhCGAHYAQHiAQoIGBACGAY4AUAB&rs=AOn4CLDHotPPUuPKMgR9rRTrFp6Mb3HoKg,data/thumbnails/010_10_best_ai_tools_you_must_try_in_2025_free_powerful_90edfcd0.jpg
11,You’re not behind (yet): How to learn AI in 18 minutes,/watch?v=0Tch0N5nsRU&pp=ygUNYmVzdCBhaSB0b29scw%3D%3D,https://i.ytimg.com/vi/0Tch0N5nsRU/hq720.jpg?sqp=-oaymwEnCNAFEJQDSFryq4qpAxkIARUAAIhCGAHYAQHiAQoIGBACGAY4AUAB&rs=AOn4CLBgR2GLPwCP2C8QQ5KedEB_pwZQcQ,data/thumbnails/011_you_re_not_behind_yet_how_to_learn_ai_in_18_minutes_a53af62c.jpg
12,I Ranked The Best AI Tools For Online Businesses,/watch?v=AtJ0XJmGE4I&pp=ygUNYmVzdCBhaSB0b29scw%3D%3D,https://i.ytimg.com/vi/AtJ0XJmGE4I/hq720.jpg?sqp=-oaymwEnCNAFEJQDSFryq4qpAxkIARUAAIhCGAHYAQHiAQoIGBACGAY4AUAB&rs=AOn4CLAg6_BCPzMIi_zD8tMbQ4qDQDCMCQ,data/thumbnails/012_i_ranked_the_best_ai_tools_for_online_businesses_dafe5afd.jpg
13,"I Tried 500+ AI Tools, These 9 Will Make You Rich",/watch?v=Qgi5hb7yxjU&pp=ygUNYmVzdCBhaSB0b29sc9IHCQkECwGHKiGM7w%3D%3D,,
14,Top 7 AI Agent Tools That Actually Work,/watch?v=_vLi76x43b0&pp=ygUNYmVzdCBhaSB0b29scw%3D%3D,,
15,Top AI Tools 2026: The Ultimate AI for Content Creation Guide (Step By Step),/watch?v=PQmJXu_tViU&pp=ygUNYmVzdCBhaSB0b29scw%3D%3D,https://i.ytimg.com/vi/PQmJXu_tViU/hq720.jpg?sqp=-oaymwEnCNAFEJQDSFryq4qpAxkIARUAAIhCGAHYAQHiAQoIGBACGAY4AUAB&rs=AOn4CLBUY7WFC69zcr_AMMejQT7n_JCbLQ,data/thumbnails/015_top_ai_tools_2026_the_ultimate_ai_for_content_creation_guide_step_by_step_cb844b78.jpg
16,Which Ai Tool is Best for you?,/watch?v=YgA1k5G1wiU&pp=ygUNYmVzdCBhaSB0b29scw%3D%3D,https://i.ytimg.com/vi/YgA1k5G1wiU/hq720.jpg?sqp=-oaymwEnCNAFEJQDSFryq4qpAxkIARUAAIhCGAHYAQHiAQoIGBACGAY4AUAB&rs=AOn4CLA5htnA05VaxpkOOk3mYSCJ2ztapA,data/thumbnails/016_which_ai_tool_is_best_for_you_3f1d0834.jpg
17,20 AI Tools You MUST Be Using in 2026 !,/watch?v=TsToAHwzVck&pp=ygUNYmVzdCBhaSB0b29scw%3D%3D,https://i.ytimg.com/vi/TsToAHwzVck/hq720.jpg?sqp=-oaymwEnCNAFEJQDSFryq4qpAxkIARUAAIhCGAHYAQHiAQoIGBACGAY4AUAB&rs=AOn4CLD1O-moAH_AzTRGDRxWNOm_OaYZuw,data/thumbnails/017_20_ai_tools_you_must_be_using_in_2026_78737cca.jpg
18,THIS FREE AI Tool Just Beat Claude & ChatGPT! Google Gemma 4,/watch?v=hRQJNtrcH14&pp=ygUNYmVzdCBhaSB0b29scw%3D%3D,https://i.ytimg.com/vi/hRQJNtrcH14/hq720.jpg?sqp=-oaymwEnCNAFEJQDSFryq4qpAxkIARUAAIhCGAHYAQHiAQoIGBACGAY4AUAB&rs=AOn4CLCbhaunHH6rGlM4h5wSe7GEV3yyzA,data/thumbnails/018_this_free_ai_tool_just_beat_claude_chatgpt_google_gemma_4_fbb37e42.jpg
19,Best AI Tool for Content Creation (Guide 2026),/watch?v=1cPshauFTHg&pp=ygUNYmVzdCBhaSB0b29sc9IHCQkECwGHKiGM7w%3D%3D,https://i.ytimg.com/vi/1cPshauFTHg/hq720.jpg?sqp=-oaymwEnCNAFEJQDSFryq4qpAxkIARUAAIhCGAHYAQHiAQoIGBACGAY4AUAB&rs=AOn4CLAKGRQ9GC3xf1dikck5zEkI7-NH8g,data/thumbnails/019_best_ai_tool_for_content_creation_guide_2026_fbed0187.jpg
20,Top 10 Best FREE AI TOOLS You NEED to Know! (2026),/watch?v=Pwor4YprhHk&pp=ygUNYmVzdCBhaSB0b29scw%3D%3D,,
21,Top 5 AI Tools Every Business Owner Should Be Using (2026 Edition),/watch?v=uF9wm7BquKQ&pp=ygUNYmVzdCBhaSB0b29scw%3D%3D,,
22,The 7 Best FREE AI Tools in 2026 (Backed by Data),/watch?v=bHKS575rCHU&pp=ygUNYmVzdCBhaSB0b29scw%3D%3D,https://i.ytimg.com/vi/bHKS575rCHU/hq720.jpg?sqp=-oaymwEnCNAFEJQDSFryq4qpAxkIARUAAIhCGAHYAQHiAQoIGBACGAY4AUAB&rs=AOn4CLAeOmOgelsMQN4thykolbV7b_SdXA,data/thumbnails/022_the_7_best_free_ai_tools_in_2026_backed_by_data_26d53f7b.jpg
23,"I Tested 250+ AI Tools, These Are The Best Ones.",/watch?v=Uvy9kyTc-VU&pp=ygUNYmVzdCBhaSB0b29scw%3D%3D,https://i.ytimg.com/vi/Uvy9kyTc-VU/hq720.jpg?sqp=-oaymwEnCNAFEJQDSFryq4qpAxkIARUAAIhCGAHYAQHiAQoIGBACGAY4AUAB&rs=AOn4CLCbHgUINKPisqiCLgMde8tHxySLkw,data/thumbnails/023_i_tested_250_ai_tools_these_are_the_best_ones_ef3068ef.jpg
24,Best AI Tool For Business (Next browser Review 2026),/watch?v=6MowwjAUOBc&pp=ygUNYmVzdCBhaSB0b29scw%3D%3D,https://i.ytimg.com/vi/6MowwjAUOBc/hq720.jpg?sqp=-oaymwEnCNAFEJQDSFryq4qpAxkIARUAAIhCGAHYAQHiAQoIGBACGAY4AUAB&rs=AOn4CLAjC9on1vzcduDr_BlFLfeab4wdyg,data/thumbnails/024_best_ai_tool_for_business_next_browser_review_2026_31eeedb2.jpg
25,Best AI Tool for Business (InVideo 2026 Guide),/watch?v=RS83gD3A_Q8&pp=ygUNYmVzdCBhaSB0b29scw%3D%3D,https://i.ytimg.com/vi/RS83gD3A_Q8/hq720.jpg?sqp=-oaymwEnCNAFEJQDSFryq4qpAxkIARUAAIhCGAHYAQHiAQoIGBACGAY4AUAB&rs=AOn4CLBieDlzEKalZS-faFesClgqFO1EPQ,data/thumbnails/025_best_ai_tool_for_business_invideo_2026_guide_b554f0d7.jpg
26,"Best Free AI Tools for Students: Notes, Research, Presentations, Exams, Job, Placement",/watch?v=Hyo7jAZ89P0&pp=ygUNYmVzdCBhaSB0b29sc9IHCQkECwGHKiGM7w%3D%3D,https://i.ytimg.com/vi/Hyo7jAZ89P0/hq720.jpg?sqp=-oaymwEnCNAFEJQDSFryq4qpAxkIARUAAIhCGAHYAQHiAQoIGBACGAY4AUAB&rs=AOn4CLD7OU9jhQAwsg8ZX08x5Ct5stWP8w,data/thumbnails/026_best_free_ai_tools_for_students_notes_research_presentations_exams_job_placement_d4d86318.jpg
27,Poppy AI Tutorial: Best AI tool for Content Creation,/watch?v=ldTo55FK2oc&pp=ygUNYmVzdCBhaSB0b29scw%3D%3D,https://i.ytimg.com/vi/ldTo55FK2oc/hq720.jpg?sqp=-oaymwEnCNAFEJQDSFryq4qpAxkIARUAAIhCGAHYAQHiAQoIGBACGAY4AUAB&rs=AOn4CLC25AeFyzQMI5c3Isevd7BvOuuixw,data/thumbnails/027_poppy_ai_tutorial_best_ai_tool_for_content_creation_d0c8ebb3.jpg
28,6 AI Tools that can DO EVERYTHING,/watch?v=FYt4OEdVHak&pp=ygUNYmVzdCBhaSB0b29scw%3D%3D,https://i.ytimg.com/vi/FYt4OEdVHak/hq720.jpg?sqp=-oaymwEnCNAFEJQDSFryq4qpAxkIARUAAIhCGAHYAQHiAQoIGBACGAY4AUAB&rs=AOn4CLCXfnh6q5WYYZdzc0gNceVRtZ-0NA,data/thumbnails/028_6_ai_tools_that_can_do_everything_c9f4a709.jpg
29,"The Best AI Tools for Academia in 2026 - Stop Searching, Start Using!",/watch?v=fJO-q7tV0zE&pp=ygUNYmVzdCBhaSB0b29scw%3D%3D,https://i.ytimg.com/vi/fJO-q7tV0zE/hq720.jpg?sqp=-oaymwEnCNAFEJQDSFryq4qpAxkIARUAAIhCGAHYAQHiAQoIGBACGAY4AUAB&rs=AOn4CLCjOaJg59RAP3fWj8q-X34OTatpzQ,data/thumbnails/029_the_best_ai_tools_for_academia_in_2026_stop_searching_start_using_be83ecce.jpg
30,BEST AI Tools for YouTubers,/watch?v=CfpsMkRSsVg&pp=ygUNYmVzdCBhaSB0b29scw%3D%3D,https://i.ytimg.com/vi/CfpsMkRSsVg/hq720.jpg?sqp=-oaymwEnCNAFEJQDSFryq4qpAxkIARUAAIhCGAHYAQHiAQoIGBACGAY4AUAB&rs=AOn4CLDgTw06S_k4XFnuM-xAUHWM8rE27Q,data/thumbnails/030_best_ai_tools_for_youtubers_bdd789c3.jpg
31,"I Tested 90+ AI Tools, These 11 Will Make You Rich Before 2026",/watch?v=TbcHBdtCD0I&pp=ygUNYmVzdCBhaSB0b29sc9IHCQkECwGHKiGM7w%3D%3D,https://i.ytimg.com/vi/TbcHBdtCD0I/hq720.jpg?sqp=-oaymwEnCNAFEJQDSFryq4qpAxkIARUAAIhCGAHYAQHiAQoIGBACGAY4AUAB&rs=AOn4CLCMtX4SHvPgOA8ygWieSAUlBoU_Nw,data/thumbnails/031_i_tested_90_ai_tools_these_11_will_make_you_rich_before_2026_18c414c2.jpg
32,Best AI Tool For Business (Doba AI Strategy 2026),/watch?v=HAu78c3P2X8&pp=ygUNYmVzdCBhaSB0b29scw%3D%3D,https://i.ytimg.com/vi/HAu78c3P2X8/hq720.jpg?sqp=-oaymwEnCNAFEJQDSFryq4qpAxkIARUAAIhCGAHYAQHiAQoIGBACGAY4AUAB&rs=AOn4CLAwezR5bCpJXLiJhmIDWIN1_fhZpQ,data/thumbnails/032_best_ai_tool_for_business_doba_ai_strategy_2026_e0ab8d00.jpg
33,Best AI Tool For Business (Explee Review 2026),/watch?v=iFXybhmaX6g&pp=ygUNYmVzdCBhaSB0b29scw%3D%3D,https://i.ytimg.com/vi/iFXybhmaX6g/hq720.jpg?sqp=-oaymwEnCNAFEJQDSFryq4qpAxkIARUAAIhCGAHYAQHiAQoIGBACGAY4AUAB&rs=AOn4CLBz-9hGvuOWL-_WdiBGkDiyZoT8Ag,data/thumbnails/033_best_ai_tool_for_business_explee_review_2026_0e45750c.jpg
34,"I Tried 325 AI Tools, These Are The Best.",/watch?v=huariiK4_us&pp=ygUNYmVzdCBhaSB0b29scw%3D%3D,https://i.ytimg.com/vi/huariiK4_us/hq720.jpg?sqp=-oaymwEnCNAFEJQDSFryq4qpAxkIARUAAIhCGAHYAQHiAQoIGBACGAY4AUAB&rs=AOn4CLAVJ2-5sCrVdK9D1GZe2huqL2R3lg,data/thumbnails/034_i_tried_325_ai_tools_these_are_the_best_42de6e6c.jpg
35,BEST AI TOOLS FOR RESEARCHERS 2025! 🔥 TOP FREE AI TOOLS FOR RESEARCH,/watch?v=z6V53lKjiiI&pp=ygUNYmVzdCBhaSB0b29scw%3D%3D,https://i.ytimg.com/vi/z6V53lKjiiI/hq720.jpg?sqp=-oaymwEnCNAFEJQDSFryq4qpAxkIARUAAIhCGAHYAQHiAQoIGBACGAY4AUAB&rs=AOn4CLDPV0IZDTvACIz9LlZkYFWO9jZ7QQ,data/thumbnails/035_best_ai_tools_for_researchers_2025_top_free_ai_tools_for_research_355beaca.jpg
36,Top 9 AI Tools You Must Use in 2026 (Free & Powerful),/watch?v=eh7irVbag-4&pp=ygUNYmVzdCBhaSB0b29scw%3D%3D,https://i.ytimg.com/vi/eh7irVbag-4/hq720.jpg?sqp=-oaymwEnCNAFEJQDSFryq4qpAxkIARUAAIhCGAHYAQHiAQoIGBACGAY4AUAB&rs=AOn4CLB4yVBPfkOiUEW30XAA0GZlqR0V2Q,data/thumbnails/036_top_9_ai_tools_you_must_use_in_2026_free_powerful_18942ea4.jpg
37,The 8 Best AI Tools for Graphic Designers to Boost Creativity,/watch?v=Z7kziccrPU0&pp=ygUNYmVzdCBhaSB0b29scw%3D%3D,https://i.ytimg.com/vi/Z7kziccrPU0/hq720.jpg?sqp=-oaymwEnCNAFEJQDSFryq4qpAxkIARUAAIhCGAHYAQHiAQoIGBACGAY4AUAB&rs=AOn4CLAmxIDQzgwxg2hxvDTihqxxdrOuXQ,data/thumbnails/037_the_8_best_ai_tools_for_graphic_designers_to_boost_creativity_4aaa22f8.jpg
38,Best AI Tools for Finance Professionals in 2026,/watch?v=oZLULcoal7Y&pp=ygUNYmVzdCBhaSB0b29scw%3D%3D,https://i.ytimg.com/vi/oZLULcoal7Y/hq720.jpg?sqp=-oaymwEnCNAFEJQDSFryq4qpAxkIARUAAIhCGAHYAQHiAQoIGBACGAY4AUAB&rs=AOn4CLDhRSiUxSmNkw6OHsEHLxfntYLbRw,data/thumbnails/038_best_ai_tools_for_finance_professionals_in_2026_b1d7d474.jpg
39,Best AI Tools for Business 2026 ? Why You Need These One Pager Templates,/watch?v=qY7WafBT4aA&pp=ygUNYmVzdCBhaSB0b29scw%3D%3D,https://i.ytimg.com/vi/qY7WafBT4aA/hq720.jpg?sqp=-oaymwEnCNAFEJQDSFryq4qpAxkIARUAAIhCGAHYAQHiAQoIGBACGAY4AUAB&rs=AOn4CLAPUFTNpJmdZS5NuOennREfmxxW_w,data/thumbnails/039_best_ai_tools_for_business_2026_why_you_need_these_one_pager_templates_9b090342.jpg
40,"AI Agents, Clearly Explained",/watch?v=FwOTs4UxQS4&pp=ygUNYmVzdCBhaSB0b29scw%3D%3D,https://i.ytimg.com/vi/FwOTs4UxQS4/hq720.jpg?sqp=-oaymwEnCNAFEJQDSFryq4qpAxkIARUAAIhCGAHYAQHiAQoIGBACGAY4AUAB&rs=AOn4CLCThkhuHN6CB7PsvBgHDVOPirO28A,data/thumbnails/040_ai_agents_clearly_explained_39dd0e04.jpg
41,Best AI Tools You Need for Digital Marketing in 2026,/watch?v=jiZ9DBiPpUA&pp=ygUNYmVzdCBhaSB0b29scw%3D%3D,https://i.ytimg.com/vi/jiZ9DBiPpUA/hq720.jpg?sqp=-oaymwEnCNAFEJQDSFryq4qpAxkIARUAAIhCGAHYAQHiAQoIGBACGAY4AUAB&rs=AOn4CLD-8Yd_iN0GaFzWlRoidyeFLs36Pg,data/thumbnails/041_best_ai_tools_you_need_for_digital_marketing_in_2026_c7090b57.jpg
42,Best AI Tools for Ecommerce? Start Selling Without Inventory?,/watch?v=keFn0vqmYco&pp=ygUNYmVzdCBhaSB0b29scw%3D%3D,https://i.ytimg.com/vi/keFn0vqmYco/hq720.jpg?sqp=-oaymwEnCNAFEJQDSFryq4qpAxkIARUAAIhCGAHYAQHiAQoIGBACGAY4AUAB&rs=AOn4CLCRLmqOQOAHY9kE4olIb_OazaYntw,data/thumbnails/042_best_ai_tools_for_ecommerce_start_selling_without_inventory_e5cb4193.jpg
43,I Spent $10K Testing 100+ AI Tools — These 11 Are the Only Ones You Need,/watch?v=8W5A7fIuA-A&pp=ygUNYmVzdCBhaSB0b29scw%3D%3D,https://i.ytimg.com/vi/8W5A7fIuA-A/hq720.jpg?sqp=-oaymwEnCNAFEJQDSFryq4qpAxkIARUAAIhCGAHYAQHiAQoIGBACGAY4AUAB&rs=AOn4CLDparuiDbe4Kr0MOGgNMd65myZhaA,data/thumbnails/043_i_spent_10k_testing_100_ai_tools_these_11_are_the_only_ones_you_need_8ae80635.jpg
44,The PROMPTIES 2026 🏆 Best AI Tools for POD (Free & Paid),/watch?v=v5CVqFnQ3S4&pp=ygUNYmVzdCBhaSB0b29scw%3D%3D,https://i.ytimg.com/vi/v5CVqFnQ3S4/hq720.jpg?sqp=-oaymwEnCNAFEJQDSFryq4qpAxkIARUAAIhCGAHYAQHiAQoIGBACGAY4AUAB&rs=AOn4CLA-P-4a1eUWAwtfeOxnBuWucjH0yw,data/thumbnails/044_the_prompties_2026_best_ai_tools_for_pod_free_paid_9e2fa82d.jpg
45,11 of the Best AI Tools for Teachers,/watch?v=KG4_CYbVpTo&pp=ygUNYmVzdCBhaSB0b29scw%3D%3D,https://i.ytimg.com/vi/KG4_CYbVpTo/hq720.jpg?sqp=-oaymwEnCNAFEJQDSFryq4qpAxkIARUAAIhCGAHYAQHiAQoIGBACGAY4AUAB&rs=AOn4CLCrw9xJn-nVvoAEzSGzDo2AZRaMEA,data/thumbnails/045_11_of_the_best_ai_tools_for_teachers_9e3a706a.jpg
46,Best AI Tools for Academic Writing 2026: How to Make an Infographic,/watch?v=B3eYHXQP7ZM&pp=ygUNYmVzdCBhaSB0b29sc9IHCQkECwGHKiGM7w%3D%3D,https://i.ytimg.com/vi/B3eYHXQP7ZM/hq720.jpg?sqp=-oaymwEnCNAFEJQDSFryq4qpAxkIARUAAIhCGAHYAQHiAQoIGBACGAY4AUAB&rs=AOn4CLAY2Iw_okuvBGhcgyF5AQrJqIVOKw,data/thumbnails/046_best_ai_tools_for_academic_writing_2026_how_to_make_an_infographic_40d05dab.jpg
47,Best AI Tools for Content Creation (2026 Strategy Guide),/watch?v=0yLMKreALIQ&pp=ygUNYmVzdCBhaSB0b29scw%3D%3D,https://i.ytimg.com/vi/0yLMKreALIQ/hq720.jpg?sqp=-oaymwEnCNAFEJQDSFryq4qpAxkIARUAAIhCGAHYAQHiAQoIGBACGAY4AUAB&rs=AOn4CLCHmV5TAHR7hFXeKUDqTlGvJJjDTg,data/thumbnails/047_best_ai_tools_for_content_creation_2026_strategy_guide_ab0a05f2.jpg
48,Top 5 AI Tools to Start Business  before 2026 | Best AI Tools for Beginners | Best AI Tools in 2026,/watch?v=oy3zZwvf0EY&pp=ygUNYmVzdCBhaSB0b29scw%3D%3D,https://i.ytimg.com/vi/oy3zZwvf0EY/hq720.jpg?sqp=-oaymwEnCNAFEJQDSFryq4qpAxkIARUAAIhCGAHYAQHiAQoIGBACGAY4AUAB&rs=AOn4CLA7EmhdlOVOVxmvy3UyUu_TxTxsxA,data/thumbnails/048_top_5_ai_tools_to_start_business_before_2026_best_ai_tools_for_beginners_best_ai_tools_in_2026_fa75e251.jpg
49,Best AI Tools For Research 2026: How to Create an Infographic ?,/watch?v=vNkR9Fno0AU&pp=ygUNYmVzdCBhaSB0b29scw%3D%3D,https://i.ytimg.com/vi/vNkR9Fno0AU/hq720.jpg?sqp=-oaymwEnCNAFEJQDSFryq4qpAxkIARUAAIhCGAHYAQHiAQoIGBACGAY4AUAB&rs=AOn4CLDWhMEp2u-Fs_ZUuUX99DqZ1MMrgw,data/thumbnails/049_best_ai_tools_for_research_2026_how_to_create_an_infographic_f33b51de.jpg
50,I Tried Google's 7 FREE AI Tools (Destroys All Paid Alternatives),/watch?v=gXm4Rp6gjEU&pp=ygUNYmVzdCBhaSB0b29scw%3D%3D,https://i.ytimg.com/vi/gXm4Rp6gjEU/hq720.jpg?sqp=-oaymwEnCNAFEJQDSFryq4qpAxkIARUAAIhCGAHYAQHiAQoIGBACGAY4AUAB&rs=AOn4CLCBnRQu7TedYYKQiDOo-1FM4nH9-g,data/thumbnails/050_i_tried_google_s_7_free_ai_tools_destroys_all_paid_alternatives_8a513fee.jpg
51,"I Tested 500+ AI Tools, These 10 Will Make You Rich",/watch?v=kkYQ0y9CGTU&pp=ygUNYmVzdCBhaSB0b29scw%3D%3D,https://i.ytimg.com/vi/kkYQ0y9CGTU/hq720.jpg?sqp=-oaymwEnCNAFEJQDSFryq4qpAxkIARUAAIhCGAHYAQHiAQoIGBACGAY4AUAB&rs=AOn4CLAzZvIfjtA834MjbPqK6d2s20imSw,data/thumbnails/051_i_tested_500_ai_tools_these_10_will_make_you_rich_1e82f095.jpg
52,Best AI Tools for YouTubers (Save 100+ Hours!),/watch?v=lxo1_266OpU&pp=ygUNYmVzdCBhaSB0b29scw%3D%3D,https://i.ytimg.com/vi/lxo1_266OpU/hq720.jpg?sqp=-oaymwEnCNAFEJQDSFryq4qpAxkIARUAAIhCGAHYAQHiAQoIGBACGAY4AUAB&rs=AOn4CLCVYwSDKQ_-F3zKpF0QlGm6mYMKvw,data/thumbnails/052_best_ai_tools_for_youtubers_save_100_hours_5bf45ffa.jpg
53,Best AI Tools For Ecommerce 2026: What is UGC Content ?,/watch?v=AA0N-iYx-Xo&pp=ygUNYmVzdCBhaSB0b29scw%3D%3D,https://i.ytimg.com/vi/AA0N-iYx-Xo/hq720.jpg?sqp=-oaymwEnCNAFEJQDSFryq4qpAxkIARUAAIhCGAHYAQHiAQoIGBACGAY4AUAB&rs=AOn4CLDkyLhQ6Ozw6NSkxnWUmtmYc46jsQ,data/thumbnails/053_best_ai_tools_for_ecommerce_2026_what_is_ugc_content_11164da9.jpg
54,101 Ways To Use AI In Your Daily Life,/watch?v=zkXonmqIBFg&pp=ygUNYmVzdCBhaSB0b29scw%3D%3D,https://i.ytimg.com/vi/zkXonmqIBFg/hq720.jpg?sqp=-oaymwEnCNAFEJQDSFryq4qpAxkIARUAAIhCGAHYAQHiAQoIGBACGAY4AUAB&rs=AOn4CLCs_UvUpV1SZxVjLD797Sws1UAhwQ,data/thumbnails/054_101_ways_to_use_ai_in_your_daily_life_e22f2a48.jpg
55,"I Tried 500+ AI Tools, These 20 Will Make You $1M (With Zero Code)",/watch?v=FEex8E1yDj4&pp=ygUNYmVzdCBhaSB0b29scw%3D%3D,https://i.ytimg.com/vi/FEex8E1yDj4/hq720.jpg?sqp=-oaymwEnCNAFEJQDSFryq4qpAxkIARUAAIhCGAHYAQHiAQoIGBACGAY4AUAB&rs=AOn4CLB9-wpO9Z2N5BHMc5qXv3qwEbEwfA,data/thumbnails/055_i_tried_500_ai_tools_these_20_will_make_you_1m_with_zero_code_c0af2771.jpg
56,Best AI Tools for Students 2026 👨‍🎓,/watch?v=qCtmksfnXTQ&pp=ygUNYmVzdCBhaSB0b29scw%3D%3D,https://i.ytimg.com/vi/qCtmksfnXTQ/hq720.jpg?sqp=-oaymwEnCNAFEJQDSFryq4qpAxkIARUAAIhCGAHYAQHiAQoIGBACGAY4AUAB&rs=AOn4CLB1BJ6Ckw_ZgdNFv92euXYKDblKJA,data/thumbnails/056_best_ai_tools_for_students_2026_1d301295.jpg
57,"I Tried 100+ AI Tools, These 10 Will Make You Rich in 2026",/watch?v=zz34VHiq4Uo&pp=ygUNYmVzdCBhaSB0b29scw%3D%3D,https://i.ytimg.com/vi/zz34VHiq4Uo/hq720.jpg?sqp=-oaymwEnCNAFEJQDSFryq4qpAxkIARUAAIhCGAHYAQHiAQoIGBACGAY4AUAB&rs=AOn4CLBRZd6m8wAh02UgFAL3YDvZqyNr3A,data/thumbnails/057_i_tried_100_ai_tools_these_10_will_make_you_rich_in_2026_f38248c5.jpg
58,Best AI Tools For Research in 2026 (Beats ChatGPT & 0% Detection),/watch?v=j7RDyfeFz9Y&pp=ygUNYmVzdCBhaSB0b29scw%3D%3D,https://i.ytimg.com/vi/j7RDyfeFz9Y/hq720.jpg?sqp=-oaymwEnCNAFEJQDSFryq4qpAxkIARUAAIhCGAHYAQHiAQoIGBACGAY4AUAB&rs=AOn4CLA3sh1EzCtaLHabkbXDheQ2HsM-HQ,data/thumbnails/058_best_ai_tools_for_research_in_2026_beats_chatgpt_0_detection_24323921.jpg
59,11 FREE AI Tools That WILL Replace Your Paid Apps,/watch?v=p7SRuKWZMvQ&pp=ygUNYmVzdCBhaSB0b29scw%3D%3D,https://i.ytimg.com/vi/p7SRuKWZMvQ/hq720.jpg?sqp=-oaymwEnCNAFEJQDSFryq4qpAxkIARUAAIhCGAHYAQHiAQoIGBACGAY4AUAB&rs=AOn4CLC9rw9KM0JZ2XgTRAUglRX8dHhEPg,data/thumbnails/059_11_free_ai_tools_that_will_replace_your_paid_apps_17614a22.jpg
60,🛠️ TOP 5 Best AI Tools for Engineering Students 2026 | How to Use the Artificial Intelligence,/watch?v=NEM-6F9sZTQ&pp=ygUNYmVzdCBhaSB0b29scw%3D%3D,https://i.ytimg.com/vi/NEM-6F9sZTQ/hq720.jpg?sqp=-oaymwEnCNAFEJQDSFryq4qpAxkIARUAAIhCGAHYAQHiAQoIGBACGAY4AUAB&rs=AOn4CLCvePsigW-tEMU54Iple9bgXcgmAQ,data/thumbnails/060_top_5_best_ai_tools_for_engineering_students_2026_how_to_use_the_artificial_intelligence_4b631bbe.jpg
61,The 5 Best AI Tools for Small Business,/watch?v=KJWbOsOLPK0&pp=ygUNYmVzdCBhaSB0b29scw%3D%3D,https://i.ytimg.com/vi/KJWbOsOLPK0/hq720.jpg?sqp=-oaymwEnCNAFEJQDSFryq4qpAxkIARUAAIhCGAHYAQHiAQoIGBACGAY4AUAB&rs=AOn4CLA_O2SAZsMRv3rS4Kyo9PA4uEt3kg,data/thumbnails/061_the_5_best_ai_tools_for_small_business_6c534f48.jpg
62,Best AI tools for making Presentations! 🔥,/watch?v=6QyBYuEO9jg&pp=ygUNYmVzdCBhaSB0b29scw%3D%3D,https://i.ytimg.com/vi/6QyBYuEO9jg/hq720.jpg?sqp=-oaymwEnCNAFEJQDSFryq4qpAxkIARUAAIhCGAHYAQHiAQoIGBACGAY4AUAB&rs=AOn4CLA67PPzjnu9gRTmtp4EooacLG-FEQ,data/thumbnails/062_best_ai_tools_for_making_presentations_d5d813a1.jpg
63,13 AI Tools That Will Change How You Work Forever,/watch?v=dSUAfo81poo&pp=ygUNYmVzdCBhaSB0b29scw%3D%3D,https://i.ytimg.com/vi/dSUAfo81poo/hq720.jpg?sqp=-oaymwEnCNAFEJQDSFryq4qpAxkIARUAAIhCGAHYAQHiAQoIGBACGAY4AUAB&rs=AOn4CLBie8NRza3HScmLjkEoaf9Vjl6fhg,data/thumbnails/063_13_ai_tools_that_will_change_how_you_work_forever_a524d38d.jpg
64,Best AI Tools for Students in 2026 (Must Try) | ft. @SinghinUSA,/watch?v=qj-LaDztFeE&pp=ygUNYmVzdCBhaSB0b29scw%3D%3D,,
65,15+ Best AI Tools (2025) 🚀 - Which is the best among free and paid? Student to Professional Compl...,/watch?v=_-UO1FXYY94&pp=ygUNYmVzdCBhaSB0b29scw%3D%3D,,
66,Best AI Coding Tool in 2025? (Cursor vs Claude Code),/watch?v=sqj2ATbL7x8&pp=ygUNYmVzdCBhaSB0b29scw%3D%3D,https://i.ytimg.com/vi/sqj2ATbL7x8/hq720.jpg?sqp=-oaymwEnCNAFEJQDSFryq4qpAxkIARUAAIhCGAHYAQHiAQoIGBACGAY4AUAB&rs=AOn4CLBQLCFtC0C7-6Jy-S2fJ2Yqg5hMVQ,data/thumbnails/066_best_ai_coding_tool_in_2025_cursor_vs_claude_code_cfa30a73.jpg
67,5 Best AI Tools for Creating Visually Stunning Animation,/watch?v=m_klYmeWKjI&pp=ygUNYmVzdCBhaSB0b29scw%3D%3D,https://i.ytimg.com/vi/m_klYmeWKjI/hq720.jpg?sqp=-oaymwEnCNAFEJQDSFryq4qpAxkIARUAAIhCGAHYAQHiAQoIGBACGAY4AUAB&rs=AOn4CLA4QlRo40ZarJQvsx295mrD-m5b4g,data/thumbnails/067_5_best_ai_tools_for_creating_visually_stunning_animation_f97f07e3.jpg
68,Best AI Video Generator (Top 5 Tools Compared),/watch?v=cgS-VowkyGA&pp=ygUNYmVzdCBhaSB0b29scw%3D%3D,https://i.ytimg.com/vi/cgS-VowkyGA/hq720.jpg?sqp=-oaymwEnCNAFEJQDSFryq4qpAxkIARUAAIhCGAHYAQHiAQoIGBACGAY4AUAB&rs=AOn4CLAGiJXgG2Z-lI43M9D8fNhNZF5QlA,data/thumbnails/068_best_ai_video_generator_top_5_tools_compared_8ed65533.jpg
69,The Ultimate AI Battle!,/watch?v=cMuif_hJGPI&pp=ygUNYmVzdCBhaSB0b29scw%3D%3D,https://i.ytimg.com/vi/cMuif_hJGPI/hq720.jpg?sqp=-oaymwEnCNAFEJQDSFryq4qpAxkIARUAAIhCGAHYAQHiAQoIGBACGAY4AUAB&rs=AOn4CLAcDItFBoQAwVu7zmzlLTgOxY1mlQ,data/thumbnails/069_the_ultimate_ai_battle_c4cdebc0.jpg
70,The Only 8 AI Tools You Need in 2026,/watch?v=GFaCCeYyf8M&pp=ygUNYmVzdCBhaSB0b29scw%3D%3D,https://i.ytimg.com/vi/GFaCCeYyf8M/hq720.jpg?sqp=-oaymwEnCNAFEJQDSFryq4qpAxkIARUAAIhCGAHYAQHiAQoIGBACGAY4AUAB&rs=AOn4CLAZWGmtwsUm0qxqh2HsoQEn304QJQ,data/thumbnails/070_the_only_8_ai_tools_you_need_in_2026_ca40b3fb.jpg
71,Best AI Tools for Contractors (Full Guide),/watch?v=LSvdOVwYCoI&pp=ygUNYmVzdCBhaSB0b29scw%3D%3D,https://i.ytimg.com/vi/LSvdOVwYCoI/hq720.jpg?sqp=-oaymwEnCNAFEJQDSFryq4qpAxkIARUAAIhCGAHYAQHiAQoIGBACGAY4AUAB&rs=AOn4CLDpqSoUOBw9ElcWWAIDw1gBOe7cJw,data/thumbnails/071_best_ai_tools_for_contractors_full_guide_c100e72b.jpg
72,These 8 AI Tools Will Save You 1000 Hours in 2026,/watch?v=6sm6C_ra2ek&pp=ygUNYmVzdCBhaSB0b29scw%3D%3D,https://i.ytimg.com/vi/6sm6C_ra2ek/hq720.jpg?sqp=-oaymwEnCNAFEJQDSFryq4qpAxkIARUAAIhCGAHYAQHiAQoIGBACGAY4AUAB&rs=AOn4CLDmqJE5yF09PgpKCQE8hZKHFjo-Ag,data/thumbnails/072_these_8_ai_tools_will_save_you_1000_hours_in_2026_5cb26ab4.jpg
73,Best AI Tools for Designing 3D Printed Products,/watch?v=nYdWINEzRFs&pp=ygUNYmVzdCBhaSB0b29scw%3D%3D,https://i.ytimg.com/vi/nYdWINEzRFs/hq720.jpg?sqp=-oaymwEnCNAFEJQDSFryq4qpAxkIARUAAIhCGAHYAQHiAQoIGBACGAY4AUAB&rs=AOn4CLC74GENvF0mJHjmKg558ohIOODm-g,data/thumbnails/073_best_ai_tools_for_designing_3d_printed_products_162e3f7f.jpg
74,Best AI Tool: VidMage Face Swap (Guide 2026),/watch?v=7ZRvlSbCXTI&pp=ygUNYmVzdCBhaSB0b29sc9IHCQkECwGHKiGM7w%3D%3D,https://i.ytimg.com/vi/7ZRvlSbCXTI/hq720.jpg?sqp=-oaymwEnCNAFEJQDSFryq4qpAxkIARUAAIhCGAHYAQHiAQoIGBACGAY4AUAB&rs=AOn4CLC6O4vCM2sO-i5Fmk99uEpzVZ3YUw,data/thumbnails/074_best_ai_tool_vidmage_face_swap_guide_2026_f8928743.jpg
75,Best AI Planning Tools for 2026,/watch?v=uL4SUyAbA48&pp=ygUNYmVzdCBhaSB0b29scw%3D%3D,https://i.ytimg.com/vi/uL4SUyAbA48/hq720.jpg?sqp=-oaymwEnCNAFEJQDSFryq4qpAxkIARUAAIhCGAHYAQHiAQoIGBACGAY4AUAB&rs=AOn4CLDoYAPpWk70eOC-uA7urVySp1gz-w,data/thumbnails/075_best_ai_planning_tools_for_2026_546739b7.jpg
76,The AI Tool EVERYONE Should Be Using,/watch?v=970hd8EBECY&pp=ygUNYmVzdCBhaSB0b29sc9IHCQkECwGHKiGM7w%3D%3D,https://i.ytimg.com/vi/970hd8EBECY/hq720.jpg?sqp=-oaymwEnCNAFEJQDSFryq4qpAxkIARUAAIhCGAHYAQHiAQoIGBACGAY4AUAB&rs=AOn4CLBeeiCaPsTvWjZgKueXkzHh3Uh_lA,data/thumbnails/076_the_ai_tool_everyone_should_be_using_82ef7005.jpg
77,You’re Not Behind (Yet): How to Learn AI in 29 Minutes,/watch?v=9c7zh2MkslY&t=272s&pp=ygUNYmVzdCBhaSB0b29scw%3D%3D,https://i.ytimg.com/vi/9c7zh2MkslY/hq720.jpg?sqp=-oaymwEnCNAFEJQDSFryq4qpAxkIARUAAIhCGAHYAQHiAQoIGBACGAY4AUAB&rs=AOn4CLBBE-dUfU4Va0KTb5sJZ1608RfzAA,data/thumbnails/077_you_re_not_behind_yet_how_to_learn_ai_in_29_minutes_f2b836dd.jpg
78,9 AI Tools You MUST Be Using in 2025.,/watch?v=yOILgTpXftc&pp=ygUNYmVzdCBhaSB0b29scw%3D%3D,https://i.ytimg.com/vi/yOILgTpXftc/hq720.jpg?sqp=-oaymwEnCNAFEJQDSFryq4qpAxkIARUAAIhCGAHYAQHiAQoIGBACGAY4AUAB&rs=AOn4CLDFjqrXqrpoao9Il6h3WqrA4FbrOg,data/thumbnails/078_9_ai_tools_you_must_be_using_in_2025_cb51391d.jpg
79,Best AI Video Generators Right Now (2026),/watch?v=vPqSgj8Ta3Y&pp=ygUNYmVzdCBhaSB0b29scw%3D%3D,https://i.ytimg.com/vi/vPqSgj8Ta3Y/hq720.jpg?sqp=-oaymwEnCNAFEJQDSFryq4qpAxkIARUAAIhCGAHYAQHiAQoIGBACGAY4AUAB&rs=AOn4CLAe0OoNMXsZH5AosZzVwaZbED0tIg,data/thumbnails/079_best_ai_video_generators_right_now_2026_a8940345.jpg
80,Unlock the Future of Language Learning: Best AI Tools for 2025,/watch?v=APbJfERnzo8&pp=ygUNYmVzdCBhaSB0b29sc9IHCQkECwGHKiGM7w%3D%3D,https://i.ytimg.com/vi/APbJfERnzo8/hq720.jpg?sqp=-oaymwEnCNAFEJQDSFryq4qpAxkIARUAAIhCGAHYAQHiAQoIGBACGAY4AUAB&rs=AOn4CLDteni33WaqIyj1ByRZN-mnvkeWYg,data/thumbnails/080_unlock_the_future_of_language_learning_best_ai_tools_for_2025_807b8478.jpg
81,Best AI Tool for Researchers | AnswerThis AI review,/watch?v=3iP3B1qLCbA&pp=ygUNYmVzdCBhaSB0b29scw%3D%3D,https://i.ytimg.com/vi/3iP3B1qLCbA/hq720.jpg?sqp=-oaymwEnCNAFEJQDSFryq4qpAxkIARUAAIhCGAHYAQHiAQoIGBACGAY4AUAB&rs=AOn4CLBNOa-GP_Gd9CRLYKCbpX7zxGRIHA,data/thumbnails/081_best_ai_tool_for_researchers_answerthis_ai_review_7467d04f.jpg
82,🏗️ TOP 5 Best AI Tools for Architects in 2026 | Artificial Intelligence for Architecture Design,/watch?v=yBr0hP5B25M&pp=ygUNYmVzdCBhaSB0b29scw%3D%3D,https://i.ytimg.com/vi/yBr0hP5B25M/hq720.jpg?sqp=-oaymwEnCNAFEJQDSFryq4qpAxkIARUAAIhCGAHYAQHiAQoIGBACGAY4AUAB&rs=AOn4CLDfjEp50MOFUWEY1n3wrk8-Rys0gA,data/thumbnails/082_top_5_best_ai_tools_for_architects_in_2026_artificial_intelligence_for_architecture_design_62904652.jpg
83,14 Best AI Tools for Quantity Surveyors,/watch?v=KaHs6DlAPqw&pp=ygUNYmVzdCBhaSB0b29scw%3D%3D,https://i.ytimg.com/vi/KaHs6DlAPqw/hq720.jpg?sqp=-oaymwEnCNAFEJQDSFryq4qpAxkIARUAAIhCGAHYAQHiAQoIGBACGAY4AUAB&rs=AOn4CLC_G-a0qOViRYuqVTDuxR5W01VT_Q,data/thumbnails/083_14_best_ai_tools_for_quantity_surveyors_b7fe4b12.jpg
84,Top AI Tools 2026 (Doba AI Review),/watch?v=L43vFMMQNE0&pp=ygUNYmVzdCBhaSB0b29scw%3D%3D,https://i.ytimg.com/vi/L43vFMMQNE0/hq720.jpg?sqp=-oaymwEnCNAFEJQDSFryq4qpAxkIARUAAIhCGAHYAQHiAQoIGBACGAY4AUAB&rs=AOn4CLBlINnK6TOaHKUZxEycJT6r7Aqj-A,data/thumbnails/084_top_ai_tools_2026_doba_ai_review_968cd8b5.jpg
85,7 FREE Ai Tools Will Change Your Editing Forever✨,/watch?v=-ZrxmS5vTMs&pp=ygUNYmVzdCBhaSB0b29scw%3D%3D,https://i.ytimg.com/vi/-ZrxmS5vTMs/hq720.jpg?sqp=-oaymwEnCNAFEJQDSFryq4qpAxkIARUAAIhCGAHYAQHiAQoIGBACGAY4AUAB&rs=AOn4CLAQFoJEOFUkpqcjH39xGMUt197rvA,data/thumbnails/085_7_free_ai_tools_will_change_your_editing_forever_f38e4050.jpg
86,I Tested Every Major AI Video Subscription… Here’s the Best One,/watch?v=FiDw4cqVppc&pp=ygUNYmVzdCBhaSB0b29scw%3D%3D,https://i.ytimg.com/vi/FiDw4cqVppc/hq720.jpg?sqp=-oaymwEnCNAFEJQDSFryq4qpAxkIARUAAIhCGAHYAQHiAQoIGBACGAY4AUAB&rs=AOn4CLB9d9oTuq-iljwhGNckGuN569tgOw,data/thumbnails/086_i_tested_every_major_ai_video_subscription_here_s_the_best_one_be40bf7d.jpg
87,Best AI Tools For Real Estate Agents | 2026 Complete Guide,/watch?v=bVpCEzbamjQ&pp=ygUNYmVzdCBhaSB0b29scw%3D%3D,,
88,📖 TOP 5 Best AI Tools for Writing Books in 2026 | Top 5 AI Tools for Authors,/watch?v=vASGrHxPERQ&pp=ygUNYmVzdCBhaSB0b29scw%3D%3D,https://i.ytimg.com/vi/vASGrHxPERQ/hq720.jpg?sqp=-oaymwEnCNAFEJQDSFryq4qpAxkIARUAAIhCGAHYAQHiAQoIGBACGAY4AUAB&rs=AOn4CLBvBRqCS6bw5N-JnOg7N6EyCC_nIA,data/thumbnails/088_top_5_best_ai_tools_for_writing_books_in_2026_top_5_ai_tools_for_authors_6ab4a857.jpg
89,You've Been Using AI the Hard Way (Use This Instead),/watch?v=MsQACpcuTkU&pp=ygUNYmVzdCBhaSB0b29scw%3D%3D,https://i.ytimg.com/vi/MsQACpcuTkU/hq720.jpg?sqp=-oaymwEnCNAFEJQDSFryq4qpAxkIARUAAIhCGAHYAQHiAQoIGBACGAY4AUAB&rs=AOn4CLBlljVu45zYIzlzwcTsbIRnRd5LOg,data/thumbnails/089_you_ve_been_using_ai_the_hard_way_use_this_instead_3442d864.jpg
90,I Tried EVERY AI Tool For YouTube Automation (BEST & WORST),/watch?v=S1KR8591SgA&pp=ygUNYmVzdCBhaSB0b29scw%3D%3D,https://i.ytimg.com/vi/S1KR8591SgA/hq720.jpg?sqp=-oaymwEnCNAFEJQDSFryq4qpAxkIARUAAIhCGAHYAQHiAQoIGBACGAY4AUAB&rs=AOn4CLDADvFSB1G6b19sBwV7pEz5PEoVPw,data/thumbnails/090_i_tried_every_ai_tool_for_youtube_automation_best_worst_2faac2d2.jpg
91,Best AI Tools for Students in 2026.,/watch?v=6GtkjIZuZ3E&pp=ygUNYmVzdCBhaSB0b29scw%3D%3D,https://i.ytimg.com/vi/6GtkjIZuZ3E/hq720.jpg?sqp=-oaymwEnCNAFEJQDSFryq4qpAxkIARUAAIhCGAHYAQHiAQoIGBACGAY4AUAB&rs=AOn4CLCoGVYpfAOEATMVQqejWp9grqWNlg,data/thumbnails/091_best_ai_tools_for_students_in_2026_95a419f9.jpg
92,Google Quietly Launched Its Best AI Video Tools (& Didn't Tell You),/watch?v=loey6YKe-hU&pp=ygUNYmVzdCBhaSB0b29scw%3D%3D,https://i.ytimg.com/vi/loey6YKe-hU/hq720.jpg?sqp=-oaymwEnCNAFEJQDSFryq4qpAxkIARUAAIhCGAHYAQHiAQoIGBACGAY4AUAB&rs=AOn4CLDNz29HR45q2WjIxQqlQHunxhwTHA,data/thumbnails/092_google_quietly_launched_its_best_ai_video_tools_didn_t_tell_you_e84c9a7f.jpg
93,The Most Useful AI Tools Right Now in 2026,/watch?v=SlRzTFx8Qtg&pp=ygUNYmVzdCBhaSB0b29scw%3D%3D,https://i.ytimg.com/vi/SlRzTFx8Qtg/hq720.jpg?sqp=-oaymwEnCNAFEJQDSFryq4qpAxkIARUAAIhCGAHYAQHiAQoIGBACGAY4AUAB&rs=AOn4CLCmMeDOtiSLQQAgpCnT06sgzHnlUQ,data/thumbnails/093_the_most_useful_ai_tools_right_now_in_2026_998fb528.jpg
94,Best AI Tools for Recruiters in 2025!,/watch?v=0qyk0Ejlr-4&pp=ygUNYmVzdCBhaSB0b29sc9IHCQkECwGHKiGM7w%3D%3D,https://i.ytimg.com/vi/0qyk0Ejlr-4/hq720.jpg?sqp=-oaymwEnCNAFEJQDSFryq4qpAxkIARUAAIhCGAHYAQHiAQoIGBACGAY4AUAB&rs=AOn4CLAekazgjjXxenZgDqbMhz2uelJY0g,data/thumbnails/094_best_ai_tools_for_recruiters_in_2025_46e7da2f.jpg
95,Best AI Tools For Ecommerce (2026 Optimization Guide),/watch?v=9djEK8kZFwo&pp=ygUNYmVzdCBhaSB0b29sc9IHCQkECwGHKiGM7w%3D%3D,https://i.ytimg.com/vi/9djEK8kZFwo/hq720.jpg?sqp=-oaymwEnCNAFEJQDSFryq4qpAxkIARUAAIhCGAHYAQHiAQoIGBACGAY4AUAB&rs=AOn4CLCWXMQpq7j5pzik6eVbX5lul5KdLA,data/thumbnails/095_best_ai_tools_for_ecommerce_2026_optimization_guide_e5feeadd.jpg
96,Best AI Tools Every Data Analyst Should Know in 2026,/watch?v=jQuD-as6ckE&pp=ygUNYmVzdCBhaSB0b29scw%3D%3D,https://i.ytimg.com/vi/jQuD-as6ckE/hq720.jpg?sqp=-oaymwEnCNAFEJQDSFryq4qpAxkIARUAAIhCGAHYAQHiAQoIGBACGAY4AUAB&rs=AOn4CLCb2Eg4TEivLm_XWeBVoIQYcTRvzw,data/thumbnails/096_best_ai_tools_every_data_analyst_should_know_in_2026_32d7ef0e.jpg
97,9 Best AI Tools You NEED to Try in 2026 (Free & Powerful!),/watch?v=PeBbRQGceLI&pp=ygUNYmVzdCBhaSB0b29scw%3D%3D,https://i.ytimg.com/vi/PeBbRQGceLI/hqdefault.jpg?sqp=-oaymwEnCOADEI4CSFryq4qpAxkIARUAAIhCGAHYAQHiAQoIGBACGAY4AUAB&rs=AOn4CLBBvwktLIvislt2dGCsm7kdqgtrug,data/thumbnails/097_9_best_ai_tools_you_need_to_try_in_2026_free_powerful_5cad7c6c.jpg
98,The Best AI Tools For Onboarding You Haven't Tried Yet ?,/watch?v=5ssgflR8FV8&pp=ygUNYmVzdCBhaSB0b29scw%3D%3D,https://i.ytimg.com/vi/5ssgflR8FV8/hq720.jpg?sqp=-oaymwEnCNAFEJQDSFryq4qpAxkIARUAAIhCGAHYAQHiAQoIGBACGAY4AUAB&rs=AOn4CLChA_9QEdP1MfAMRfOTLZbBlsDxyQ,data/thumbnails/098_the_best_ai_tools_for_onboarding_you_haven_t_tried_yet_01f86ecf.jpg
99,9 BEST AI Tools For Handyman Businesses (FREE GUIDE),/watch?v=IWZbIOYNs9E&pp=ygUNYmVzdCBhaSB0b29scw%3D%3D,https://i.ytimg.com/vi/IWZbIOYNs9E/hq720.jpg?sqp=-oaymwEnCNAFEJQDSFryq4qpAxkIARUAAIhCGAHYAQHiAQoIGBACGAY4AUAB&rs=AOn4CLBRXgH3SwdYGXvg7JzVIJG5DrReCw,data/thumbnails/099_9_best_ai_tools_for_handyman_businesses_free_guide_8cb462c6.jpg
100,Best AI Tools In Procurement & Supply Chain (2025),/watch?v=VkJ0SsNcNmM&pp=ygUNYmVzdCBhaSB0b29scw%3D%3D,https://i.ytimg.com/vi/VkJ0SsNcNmM/hq720.jpg?sqp=-oaymwEnCNAFEJQDSFryq4qpAxkIARUAAIhCGAHYAQHiAQoIGBACGAY4AUAB&rs=AOn4CLDFRM1l2g6fPC4OxQ8lW0cho-VmjQ,data/thumbnails/100_best_ai_tools_in_procurement_supply_chain_2025_3af99727.jpg
101,How to Use AI Coding Tools Better than 99% of Developers,/watch?v=n2d36gj_wIU&pp=ygUNYmVzdCBhaSB0b29scw%3D%3D,https://i.ytimg.com/vi/n2d36gj_wIU/hq720.jpg?sqp=-oaymwEnCNAFEJQDSFryq4qpAxkIARUAAIhCGAHYAQHiAQoIGBACGAY4AUAB&rs=AOn4CLCbrVWf20B7ACmNL-IC2W707fUv0Q,data/thumbnails/101_how_to_use_ai_coding_tools_better_than_99_of_developers_7d010c2d.jpg
102,10 Best AI Tools For Content Creators 2026 (Save HOURS EVERY WEEK),/watch?v=38MZWUaQyTE&pp=ygUNYmVzdCBhaSB0b29scw%3D%3D,https://i.ytimg.com/vi/38MZWUaQyTE/hq720.jpg?sqp=-oaymwEnCNAFEJQDSFryq4qpAxkIARUAAIhCGAHYAQHiAQoIGBACGAY4AUAB&rs=AOn4CLAXVYYVZMBK75tPDU5vdA1PQikklA,data/thumbnails/102_10_best_ai_tools_for_content_creators_2026_save_hours_every_week_63838dcb.jpg
103,Create AI ADS in Seconds 🤩 This AI Creates Your Ad HOOKS (Higgsfield Marketing Studio),/watch?v=copO4lAfa8Q&pp=ygUNYmVzdCBhaSB0b29sc9IHCQkECwGHKiGM7w%3D%3D,https://i.ytimg.com/vi/copO4lAfa8Q/hq720.jpg?sqp=-oaymwEnCNAFEJQDSFryq4qpAxkIARUAAIhCGAHYAQHiAQoIGBACGAY4AUAB&rs=AOn4CLCeLY8WOwEwxJ9TV8FwVrqAyZDO7Q,data/thumbnails/103_create_ai_ads_in_seconds_this_ai_creates_your_ad_hooks_higgsfield_marketing_studio_165ac865.jpg
104,FREE AI Tools To Study Better In 2026! Vaibhav Kadnar,/watch?v=P7vhAF9Dr4o&pp=ygUNYmVzdCBhaSB0b29scw%3D%3D,https://i.ytimg.com/vi/P7vhAF9Dr4o/hq720.jpg?sqp=-oaymwEnCNAFEJQDSFryq4qpAxkIARUAAIhCGAHYAQHiAQoIGBACGAY4AUAB&rs=AOn4CLB6JVA-k6IGKewG0CwifUznvzdR5g,data/thumbnails/104_free_ai_tools_to_study_better_in_2026_vaibhav_kadnar_f6e9707c.jpg
105,3 Best AI Tools In Procurement & Supply Chain (2026),/watch?v=2F8Xfm6eVnU&pp=ygUNYmVzdCBhaSB0b29scw%3D%3D,https://i.ytimg.com/vi/2F8Xfm6eVnU/hq720.jpg?sqp=-oaymwEnCNAFEJQDSFryq4qpAxkIARUAAIhCGAHYAQHiAQoIGBACGAY4AUAB&rs=AOn4CLChW0PtyP6BYDAwWJBnr-nK7obhpQ,data/thumbnails/105_3_best_ai_tools_in_procurement_supply_chain_2026_ee2cc0f8.jpg
106,Best AI tools for Students to TOP any Exam (Genuinely Helpful) | Ashu Sir,/watch?v=_998DCW7HbM&pp=ygUNYmVzdCBhaSB0b29scw%3D%3D,https://i.ytimg.com/vi/_998DCW7HbM/hq720.jpg?sqp=-oaymwEnCNAFEJQDSFryq4qpAxkIARUAAIhCGAHYAQHiAQoIGBACGAY4AUAB&rs=AOn4CLA43W4l_h6d587vEb1ciNoOy-wTNg,data/thumbnails/106_best_ai_tools_for_students_to_top_any_exam_genuinely_helpful_ashu_sir_431de989.jpg
107,Best AI Video Generators in 2026 (Most Realistic),/watch?v=-vwHldNaGPI&pp=ygUNYmVzdCBhaSB0b29scw%3D%3D,https://i.ytimg.com/vi/-vwHldNaGPI/hq720.jpg?sqp=-oaymwEnCNAFEJQDSFryq4qpAxkIARUAAIhCGAHYAQHiAQoIGBACGAY4AUAB&rs=AOn4CLD1oWoEygW2tcHKym0ZmxeSTYrb_Q,data/thumbnails/107_best_ai_video_generators_in_2026_most_realistic_cad50bea.jpg
108,The Best AI Tools for Recruiters in 2026,/watch?v=ybPrt-n9KqA&pp=ygUNYmVzdCBhaSB0b29sc9IHCQkECwGHKiGM7w%3D%3D,https://i.ytimg.com/vi/ybPrt-n9KqA/hq720.jpg?sqp=-oaymwEnCNAFEJQDSFryq4qpAxkIARUAAIhCGAHYAQHiAQoIGBACGAY4AUAB&rs=AOn4CLBIVkm1tgDBtb0Bx_i9wHiT9sJJjw,data/thumbnails/108_the_best_ai_tools_for_recruiters_in_2026_f083db10.jpg
109,Top 5 Best AI Tools for App Builder Beginners In 2025 | No Code Tools,/watch?v=vzXLlC4Jsf8&pp=ygUNYmVzdCBhaSB0b29scw%3D%3D,https://i.ytimg.com/vi/vzXLlC4Jsf8/hq720.jpg?sqp=-oaymwEnCNAFEJQDSFryq4qpAxkIARUAAIhCGAHYAQHiAQoIGBACGAY4AUAB&rs=AOn4CLB1PoJgarok47NVInNfdKWhVwgSSw,data/thumbnails/109_top_5_best_ai_tools_for_app_builder_beginners_in_2025_no_code_tools_f0d877c7.jpg
110,AI Tools EXPLAINED:  How to Use Them? (2026 Guide for Beginners),/watch?v=yHk7Vavmc7Q&pp=ygUNYmVzdCBhaSB0b29scw%3D%3D,https://i.ytimg.com/vi/yHk7Vavmc7Q/hq720.jpg?sqp=-oaymwEnCNAFEJQDSFryq4qpAxkIARUAAIhCGAHYAQHiAQoIGBACGAY4AUAB&rs=AOn4CLBJk_-mW_mvomF17IJoyjHD9mJg9w,data/thumbnails/110_ai_tools_explained_how_to_use_them_2026_guide_for_beginners_606ba0e3.jpg
111,Top 5 AI Filmmaking Tools 2026,/watch?v=JxqFHWHVwGg&pp=ygUNYmVzdCBhaSB0b29scw%3D%3D,https://i.ytimg.com/vi/JxqFHWHVwGg/hq720.jpg?sqp=-oaymwEnCNAFEJQDSFryq4qpAxkIARUAAIhCGAHYAQHiAQoIGBACGAY4AUAB&rs=AOn4CLA-mwMGrD2rFCeAp-OpsPilJiBjkw,data/thumbnails/111_top_5_ai_filmmaking_tools_2026_02f8a033.jpg
112,7 Best AI Tools for Real Estate Agents (2026),/watch?v=dC9Pbuf3mUw&pp=ygUNYmVzdCBhaSB0b29scw%3D%3D,https://i.ytimg.com/vi/dC9Pbuf3mUw/hq720.jpg?sqp=-oaymwEnCNAFEJQDSFryq4qpAxkIARUAAIhCGAHYAQHiAQoIGBACGAY4AUAB&rs=AOn4CLBiGGY9M8TyDD_FXAEo5jz6yGplbQ,data/thumbnails/112_7_best_ai_tools_for_real_estate_agents_2026_4b8548d2.jpg
113,How to Study 10x Faster: The 2 Best AI Tools for Students,/watch?v=oDm6PHTWfMA&pp=ygUNYmVzdCBhaSB0b29scw%3D%3D,https://i.ytimg.com/vi/oDm6PHTWfMA/hqdefault.jpg?sqp=-oaymwEnCOADEI4CSFryq4qpAxkIARUAAIhCGAHYAQHiAQoIGBACGAY4AUAB&rs=AOn4CLCJ8pKty4w3mHi5QeGjX95M7WC1Sg,data/thumbnails/113_how_to_study_10x_faster_the_2_best_ai_tools_for_students_c6d7a90d.jpg
114,"Top 10 AI Tools That Run Natively on Linux (No Virtual Machines, No Limits!)",/watch?v=m--S0wmrPRo&pp=ygUNYmVzdCBhaSB0b29scw%3D%3D,https://i.ytimg.com/vi/m--S0wmrPRo/hq720.jpg?sqp=-oaymwEnCNAFEJQDSFryq4qpAxkIARUAAIhCGAHYAQHiAQoIGBACGAY4AUAB&rs=AOn4CLD80UigM6J7-hAt-xxuxJa7QYvW2g,data/thumbnails/114_top_10_ai_tools_that_run_natively_on_linux_no_virtual_machines_no_limits_f473d912.jpg
115,Best AI Tools to Write Winning Grant Proposals | Must-Know Tools for NGOs,/watch?v=VC1SGaPn2Yc&pp=ygUNYmVzdCBhaSB0b29scw%3D%3D,,
116,12 AI Tools You Won’t Believe Are Free,/watch?v=dfvWIH1fUoc&pp=ygUNYmVzdCBhaSB0b29scw%3D%3D,,
117,I Ranked the BEST AI Tools to Make Money in 2026,/watch?v=dJFk7w5OzdE&pp=ygUNYmVzdCBhaSB0b29scw%3D%3D,,
118,5 Unbelievably Useful AI Tools For Research in 2025 (better than ChatGPT),/watch?v=wmQVdzBRnN4&pp=ygUNYmVzdCBhaSB0b29scw%3D%3D,,
119,Best AI Tools Online Coaches NEED to Try in 2026!,/watch?v=LNSDFgUeX5s&pp=ygUNYmVzdCBhaSB0b29scw%3D%3D,https://i.ytimg.com/vi/LNSDFgUeX5s/hq720.jpg?sqp=-oaymwEnCNAFEJQDSFryq4qpAxkIARUAAIhCGAHYAQHiAQoIGBACGAY4AUAB&rs=AOn4CLAeH2hTr9Evp5DWzgFH0iwb3aewbg,data/thumbnails/119_best_ai_tools_online_coaches_need_to_try_in_2026_e7e1bab4.jpg
120,FINALLY! Free & Unlimited AI Videos With Consistent Characters,/watch?v=GWeOuRgghVw&pp=ygUNYmVzdCBhaSB0b29scw%3D%3D,https://i.ytimg.com/vi/GWeOuRgghVw/hq720.jpg?sqp=-oaymwEnCNAFEJQDSFryq4qpAxkIARUAAIhCGAHYAQHiAQoIGBACGAY4AUAB&rs=AOn4CLBe6Os39rsa57VAR8acnKAigmFVfw,data/thumbnails/120_finally_free_unlimited_ai_videos_with_consistent_characters_2598ec6e.jpg
121,10 Must-Try AI Tools For Your Business (2026),/watch?v=Ej9zCLI2ZdY&pp=ygUNYmVzdCBhaSB0b29scw%3D%3D,https://i.ytimg.com/vi/Ej9zCLI2ZdY/hq720.jpg?sqp=-oaymwEnCNAFEJQDSFryq4qpAxkIARUAAIhCGAHYAQHiAQoIGBACGAY4AUAB&rs=AOn4CLDNBcCmlwZF8Qltrf-7E4JkqOqM1A,data/thumbnails/121_10_must_try_ai_tools_for_your_business_2026_31828658.jpg
122,BEST AI TOOLS Interior Designer MUST USE in 2026,/watch?v=M-1PRSwo3A4&pp=ygUNYmVzdCBhaSB0b29scw%3D%3D,https://i.ytimg.com/vi/M-1PRSwo3A4/hq720.jpg?sqp=-oaymwEnCNAFEJQDSFryq4qpAxkIARUAAIhCGAHYAQHiAQoIGBACGAY4AUAB&rs=AOn4CLAyeas81u959Gmo_6m9A1oYwgGX0Q,data/thumbnails/122_best_ai_tools_interior_designer_must_use_in_2026_71b1a7eb.jpg
123,These Are the Best AI Tools for Radio Stations - Save Time and Money!,/watch?v=xnRgkFVzBs0&pp=ygUNYmVzdCBhaSB0b29scw%3D%3D,https://i.ytimg.com/vi/xnRgkFVzBs0/hq720.jpg?sqp=-oaymwEnCNAFEJQDSFryq4qpAxkIARUAAIhCGAHYAQHiAQoIGBACGAY4AUAB&rs=AOn4CLAB3JNgVlc8tQ23jWNQb8h2eKSOuw,data/thumbnails/123_these_are_the_best_ai_tools_for_radio_stations_save_time_and_money_7ce1ae55.jpg
124,10 AI Tools to Make Your First Million in 2026 (for real),/watch?v=C07fP7-HxMk&pp=ygUNYmVzdCBhaSB0b29scw%3D%3D,https://i.ytimg.com/vi/C07fP7-HxMk/hq720.jpg?sqp=-oaymwEnCNAFEJQDSFryq4qpAxkIARUAAIhCGAHYAQHiAQoIGBACGAY4AUAB&rs=AOn4CLC_23h2FRK651GUhvM-kpEXPvynow,data/thumbnails/124_10_ai_tools_to_make_your_first_million_in_2026_for_real_d196162a.jpg
125,5 Free AI TOOLS That Are Actually Great!,/watch?v=3uB0qEoZl0E&pp=ygUNYmVzdCBhaSB0b29scw%3D%3D,,
126,"Best Free AI Tools for Students: Notes, Research, Presentations, Exams, Job, Placement",/watch?v=Hyo7jAZ89P0&pp=ygUNYmVzdCBhaSB0b29scw%3D%3D,,
127,Best AI Video Editing Tools in 2026 (Don't Choose Wrong),/watch?v=OHODMrUZlpo&pp=ygUNYmVzdCBhaSB0b29scw%3D%3D,,
128,5 BEST AI Tools for Social Media Management in 2025 (life-changing results!),/watch?v=aKwl25fDeHo&pp=ygUNYmVzdCBhaSB0b29scw%3D%3D,,
129,Top 7 Crazy AI Apps You Must Try ⚡️ Best Android Apps | June 2025,/watch?v=k3zDshbYbgM&pp=ygUNYmVzdCBhaSB0b29scw%3D%3D,https://i.ytimg.com/vi/k3zDshbYbgM/hq720.jpg?sqp=-oaymwEnCNAFEJQDSFryq4qpAxkIARUAAIhCGAHYAQHiAQoIGBACGAY4AUAB&rs=AOn4CLC3yeBKfA-0PEm2_MlN_9XJiXzA4w,data/thumbnails/129_top_7_crazy_ai_apps_you_must_try_best_android_apps_june_2025_1984493b.jpg
130,Best AI Tools to Make Money 2026 ? Create Viral Content as a UGC Creator,/watch?v=wpUZuIZ3ZEU&pp=ygUNYmVzdCBhaSB0b29sc9IHCQkECwGHKiGM7w%3D%3D,https://i.ytimg.com/vi/wpUZuIZ3ZEU/hq720.jpg?sqp=-oaymwEnCNAFEJQDSFryq4qpAxkIARUAAIhCGAHYAQHiAQoIGBACGAY4AUAB&rs=AOn4CLDf4LsJ7h01u5mtwZJrOyi2-7IXCA,data/thumbnails/130_best_ai_tools_to_make_money_2026_create_viral_content_as_a_ugc_creator_e98b3812.jpg
131,Create Unlimited AI Videos FREE 😱 (Image to Video + Text to Video),/watch?v=j9d6RLGAwdk&pp=ygUNYmVzdCBhaSB0b29scw%3D%3D,https://i.ytimg.com/vi/j9d6RLGAwdk/hq720.jpg?sqp=-oaymwEnCNAFEJQDSFryq4qpAxkIARUAAIhCGAHYAQHiAQoIGBACGAY4AUAB&rs=AOn4CLDk9OJad8pwdPagfqvtFCAEm0jn8Q,data/thumbnails/131_create_unlimited_ai_videos_free_image_to_video_text_to_video_8c4ddfdd.jpg
132,These 8 AI TOOLS Will Change How You Live - Here’s Why!,/watch?v=h_R3FafQrU8&pp=ygUNYmVzdCBhaSB0b29scw%3D%3D,https://i.ytimg.com/vi/h_R3FafQrU8/hq720.jpg?sqp=-oaymwEnCNAFEJQDSFryq4qpAxkIARUAAIhCGAHYAQHiAQoIGBACGAY4AUAB&rs=AOn4CLAJgPOaJO6rmCMopL14xon1u2XJMA,data/thumbnails/132_these_8_ai_tools_will_change_how_you_live_here_s_why_2217baa2.jpg
133,3 AI Tools That Are More Powerful Than Cursor & Windsurf | Best AI Agents for Coding (2025),/watch?v=_EB6jUDKZ4s&pp=ygUNYmVzdCBhaSB0b29scw%3D%3D,https://i.ytimg.com/vi/_EB6jUDKZ4s/hq720.jpg?sqp=-oaymwEnCNAFEJQDSFryq4qpAxkIARUAAIhCGAHYAQHiAQoIGBACGAY4AUAB&rs=AOn4CLD6BdB2PhMkjwmoOfvoYHT9-QleOw,data/thumbnails/133_3_ai_tools_that_are_more_powerful_than_cursor_windsurf_best_ai_agents_for_coding_2025_5d930fad.jpg
134,7 BEST AI Tools for Real Estate Agents in 2025,/watch?v=tO5HJhKlxvg&pp=ygUNYmVzdCBhaSB0b29scw%3D%3D,https://i.ytimg.com/vi/tO5HJhKlxvg/hq720.jpg?sqp=-oaymwEnCNAFEJQDSFryq4qpAxkIARUAAIhCGAHYAQHiAQoIGBACGAY4AUAB&rs=AOn4CLAZrnYCohuSO38gvL9dSW5afzl1NQ,data/thumbnails/134_7_best_ai_tools_for_real_estate_agents_in_2025_b8af7019.jpg
135,5 AI Tools That Will Replace 99% of Project Management Work - AI for Project Managers | PMPwithRay,/watch?v=pgy3TMylTnA&pp=ygUNYmVzdCBhaSB0b29scw%3D%3D,https://i.ytimg.com/vi/pgy3TMylTnA/hq720.jpg?sqp=-oaymwEnCNAFEJQDSFryq4qpAxkIARUAAIhCGAHYAQHiAQoIGBACGAY4AUAB&rs=AOn4CLDi7sX8-NiEcwY9wtsXxRKNiqhecQ,data/thumbnails/135_5_ai_tools_that_will_replace_99_of_project_management_work_ai_for_project_managers_pmpwithray_42fab3dd.jpg
136,"I Tried 536+ AI Tools, These 7 Will Explode Your Business in 2026",/watch?v=5sPhgU29oyo&pp=ygUNYmVzdCBhaSB0b29scw%3D%3D,https://i.ytimg.com/vi/5sPhgU29oyo/hq720.jpg?sqp=-oaymwEnCNAFEJQDSFryq4qpAxkIARUAAIhCGAHYAQHiAQoIGBACGAY4AUAB&rs=AOn4CLCZKRPKWALLMVjV4ZtLSpYs-rF6gA,data/thumbnails/136_i_tried_536_ai_tools_these_7_will_explode_your_business_in_2026_2eb07dfc.jpg
